{
  "video_path": "/mnt/ssd1/mwnoh/LVBench/scripts/videos/_T2Avd3tFHc.mp4",
  "measurement": "offline video-cache construction latency; retrieval/QA excluded",
  "fresh_process_per_case": true,
  "warmup": 0,
  "repeats": 1,
  "offload_granularity": "chunk",
  "batched_offload_copy": true,
  "rows": [
    {
      "internal_block_size": 128,
      "case": "A",
      "description": "fs224@1.0 only baseline",
      "effective_tokens_per_second": 64.0,
      "total_video_tokens": 117952,
      "single_gpu_s": 23.85942669585347,
      "two_gpu_est_s": 23.859385672956705,
      "driver_elapsed_s": 77.02485598810017,
      "fs224_s": 23.859385672956705,
      "fs224_frames": 1843,
      "fs224_tokens": 117952,
      "fs224_effective_fps": 1.0
    },
    {
      "internal_block_size": 128,
      "case": "B",
      "description": "fs112@2.0 + fs224@0.5 temporal-heavy",
      "effective_tokens_per_second": 64.0,
      "total_video_tokens": 117984,
      "single_gpu_s": 25.157211991026998,
      "two_gpu_est_s": 12.661984988953918,
      "driver_elapsed_s": 103.69767620135099,
      "fs224_s": 12.661984988953918,
      "fs224_frames": 922,
      "fs224_tokens": 59008,
      "fs224_effective_fps": 0.5,
      "fs112_s": 12.49518335191533,
      "fs112_frames": 3686,
      "fs112_tokens": 58976,
      "fs112_effective_fps": 2.0
    },
    {
      "internal_block_size": 128,
      "case": "C",
      "description": "fs112@1.0 + fs224@0.75 balanced-highres",
      "effective_tokens_per_second": 64.0,
      "total_video_tokens": 118000,
      "single_gpu_s": 24.135182416066527,
      "two_gpu_est_s": 18.098200311884284,
      "driver_elapsed_s": 103.77394124120474,
      "fs224_s": 18.098200311884284,
      "fs224_frames": 1383,
      "fs224_tokens": 88512,
      "fs224_effective_fps": 0.75,
      "fs112_s": 6.036932860035449,
      "fs112_frames": 1843,
      "fs112_tokens": 29488,
      "fs112_effective_fps": 1.0
    },
    {
      "internal_block_size": 128,
      "case": "D",
      "description": "fs112@0.5 + fs224@0.875 spatial-heavy",
      "effective_tokens_per_second": 64.88888888888889,
      "total_video_tokens": 119648,
      "single_gpu_s": 24.223840411752462,
      "two_gpu_est_s": 21.225086433812976,
      "driver_elapsed_s": 101.91018670611084,
      "fs224_s": 21.225086433812976,
      "fs224_frames": 1639,
      "fs224_tokens": 104896,
      "fs224_effective_fps": 0.8888888888888888,
      "fs112_s": 2.9985927348025143,
      "fs112_frames": 922,
      "fs112_tokens": 14752,
      "fs112_effective_fps": 0.5
    },
    {
      "internal_block_size": 128,
      "case": "E",
      "description": "fs112@4.0 only low-res dense",
      "effective_tokens_per_second": 64.0,
      "total_video_tokens": 117952,
      "single_gpu_s": 24.080597382970154,
      "two_gpu_est_s": 24.080442243721336,
      "driver_elapsed_s": 89.24310199217871,
      "fs112_s": 24.080442243721336,
      "fs112_frames": 7372,
      "fs112_tokens": 117952,
      "fs112_effective_fps": 4.0
    },
    {
      "internal_block_size": 256,
      "case": "A",
      "description": "fs224@1.0 only baseline",
      "effective_tokens_per_second": 64.0,
      "total_video_tokens": 117952,
      "single_gpu_s": 22.95771006681025,
      "two_gpu_est_s": 22.95766525529325,
      "driver_elapsed_s": 73.76087843999267,
      "fs224_s": 22.95766525529325,
      "fs224_frames": 1843,
      "fs224_tokens": 117952,
      "fs224_effective_fps": 1.0
    },
    {
      "internal_block_size": 256,
      "case": "B",
      "description": "fs112@2.0 + fs224@0.5 temporal-heavy",
      "effective_tokens_per_second": 64.0,
      "total_video_tokens": 117984,
      "single_gpu_s": 23.00846164021641,
      "two_gpu_est_s": 11.653206456452608,
      "driver_elapsed_s": 101.48760784137994,
      "fs224_s": 11.355104732327163,
      "fs224_frames": 922,
      "fs224_tokens": 59008,
      "fs224_effective_fps": 0.5,
      "fs112_s": 11.653206456452608,
      "fs112_frames": 3686,
      "fs112_tokens": 58976,
      "fs112_effective_fps": 2.0
    },
    {
      "internal_block_size": 256,
      "case": "C",
      "description": "fs112@1.0 + fs224@0.75 balanced-highres",
      "effective_tokens_per_second": 64.0,
      "total_video_tokens": 118000,
      "single_gpu_s": 22.87592572486028,
      "two_gpu_est_s": 17.00642612669617,
      "driver_elapsed_s": 101.41714533697814,
      "fs224_s": 17.00642612669617,
      "fs224_frames": 1383,
      "fs224_tokens": 88512,
      "fs224_effective_fps": 0.75,
      "fs112_s": 5.86934204492718,
      "fs112_frames": 1843,
      "fs112_tokens": 29488,
      "fs112_effective_fps": 1.0
    },
    {
      "internal_block_size": 256,
      "case": "D",
      "description": "fs112@0.5 + fs224@0.875 spatial-heavy",
      "effective_tokens_per_second": 64.88888888888889,
      "total_video_tokens": 119648,
      "single_gpu_s": 23.452215292025357,
      "two_gpu_est_s": 20.398916928097606,
      "driver_elapsed_s": 101.36985391378403,
      "fs224_s": 20.398916928097606,
      "fs224_frames": 1639,
      "fs224_tokens": 104896,
      "fs224_effective_fps": 0.8888888888888888,
      "fs112_s": 3.0531118591316044,
      "fs112_frames": 922,
      "fs112_tokens": 14752,
      "fs112_effective_fps": 0.5
    },
    {
      "internal_block_size": 256,
      "case": "E",
      "description": "fs112@4.0 only low-res dense",
      "effective_tokens_per_second": 64.0,
      "total_video_tokens": 117952,
      "single_gpu_s": 23.695970666129142,
      "two_gpu_est_s": 23.69574295822531,
      "driver_elapsed_s": 89.43794739013538,
      "fs112_s": 23.69574295822531,
      "fs112_frames": 7372,
      "fs112_tokens": 117952,
      "fs112_effective_fps": 4.0
    },
    {
      "internal_block_size": 512,
      "case": "A",
      "description": "fs224@1.0 only baseline",
      "effective_tokens_per_second": 64.0,
      "total_video_tokens": 117952,
      "single_gpu_s": 22.56099727936089,
      "two_gpu_est_s": 22.560838907957077,
      "driver_elapsed_s": 77.65775825409219,
      "fs224_s": 22.560838907957077,
      "fs224_frames": 1843,
      "fs224_tokens": 117952,
      "fs224_effective_fps": 1.0
    },
    {
      "internal_block_size": 512,
      "case": "B",
      "description": "fs112@2.0 + fs224@0.5 temporal-heavy",
      "effective_tokens_per_second": 64.0,
      "total_video_tokens": 117984,
      "single_gpu_s": 22.891066551208496,
      "two_gpu_est_s": 11.494107276201248,
      "driver_elapsed_s": 101.01084577012807,
      "fs224_s": 11.396806669887155,
      "fs224_frames": 922,
      "fs224_tokens": 59008,
      "fs224_effective_fps": 0.5,
      "fs112_s": 11.494107276201248,
      "fs112_frames": 3686,
      "fs112_tokens": 58976,
      "fs112_effective_fps": 2.0
    },
    {
      "internal_block_size": 512,
      "case": "C",
      "description": "fs112@1.0 + fs224@0.75 balanced-highres",
      "effective_tokens_per_second": 64.0,
      "total_video_tokens": 118000,
      "single_gpu_s": 22.87313660699874,
      "two_gpu_est_s": 17.096492847893387,
      "driver_elapsed_s": 106.66144753526896,
      "fs224_s": 17.096492847893387,
      "fs224_frames": 1383,
      "fs224_tokens": 88512,
      "fs224_effective_fps": 0.75,
      "fs112_s": 5.776482495013624,
      "fs112_frames": 1843,
      "fs112_tokens": 29488,
      "fs112_effective_fps": 1.0
    },
    {
      "internal_block_size": 512,
      "case": "D",
      "description": "fs112@0.5 + fs224@0.875 spatial-heavy",
      "effective_tokens_per_second": 64.88888888888889,
      "total_video_tokens": 119648,
      "single_gpu_s": 23.106771833729,
      "two_gpu_est_s": 20.121825366746634,
      "driver_elapsed_s": 104.07941273599863,
      "fs224_s": 20.121825366746634,
      "fs224_frames": 1639,
      "fs224_tokens": 104896,
      "fs224_effective_fps": 0.8888888888888888,
      "fs112_s": 2.9847745299339294,
      "fs112_frames": 922,
      "fs112_tokens": 14752,